game_name,game_url,iframe_src,iframe_id,timestamp
About,https://www.onlinegames.io/about/,https://disqus.com/recommendations/?base=default&f=onlinegames-io&t_u=https%3A%2F%2Fwww.onlinegames.io%2Fabout%2F&t_d=About%20-%20OnlineGames.io&t_t=About%20-%20OnlineGames.io#version=2d901a9f622f6f7bc477a009d0d6247e,dsq-app4674,无class,2025-03-11 22:26:15
About Us,https://www.onlinegames.io/about/,https://disqus.com/recommendations/?base=default&f=onlinegames-io&t_u=https%3A%2F%2Fwww.onlinegames.io%2Fabout%2F&t_d=About%20-%20OnlineGames.io&t_t=About%20-%20OnlineGames.io#version=2d901a9f622f6f7bc477a009d0d6247e,dsq-app3123,无class,2025-03-11 22:26:20
All Tags,https://www.onlinegames.io/all-tags/,https://disqus.com/recommendations/?base=default&f=onlinegames-io&t_u=https%3A%2F%2Fwww.onlinegames.io%2Fall-tags%2F&t_d=All%20Tags%20-%20Online%20Games.io&t_t=All%20Tags%20-%20Online%20Games.io#version=2d901a9f622f6f7bc477a009d0d6247e,dsq-app1960,无class,2025-03-11 22:26:26
BitLife,https://www.onlinegames.io/bitlife/,https://html5.gamedistribution.com/ac6a950a44d144139dabe7837aa4aab9/?gd_sdk_referrer_url=https://www.onlinegames.io/bitlife,gameFrame,无class,2025-03-11 22:27:03
Contact Us,https://www.onlinegames.io/contact/,https://disqus.com/recommendations/?base=default&f=onlinegames-io&t_u=https%3A%2F%2Fwww.onlinegames.io%2Fcontact%2F&t_d=Contact%20Us%20-%20OnlineGames.io&t_t=Contact%20Us%20-%20OnlineGames.io#version=2d901a9f622f6f7bc477a009d0d6247e,dsq-app6957,无class,2025-03-11 22:27:09
Crazy Strike Force,https://www.onlinegames.io/crazy-strike-force/,https://www.onlinegames.io/games/2023/unity/crazy-strike-force/index.html,gameFrame,无class,2025-03-11 22:27:17
Drift Boss,https://www.onlinegames.io/drift-boss/,https://www.onlinegames.io/games/2023/mjs/drift-boss/index.html,gameFrame,无class,2025-03-11 22:28:03
Drift Hunters Pro,https://www.onlinegames.io/drift-hunters-pro/,https://www.onlinegames.io/games/2023/unity/drift-hunters-pro/index.html,gameFrame,无class,2025-03-11 22:28:11
Game Developers,https://www.onlinegames.io/game-developers/,https://docs.google.com/forms/d/e/1FAIpQLSdVCT_UEihM0GEFC_L8LWEm7ZvCWKG7NYEkGcsREdHG7V6qMw/viewform?embedded=true,iframe_0,无class,2025-03-11 22:28:21
Having Trouble?,https://www.onlinegames.io/support/,https://disqus.com/recommendations/?base=default&f=onlinegames-io&t_u=https%3A%2F%2Fwww.onlinegames.io%2Fsupport%2F&t_d=Support%20-%20OnlineGames.io&t_t=Support%20-%20OnlineGames.io#version=2d901a9f622f6f7bc477a009d0d6247e,dsq-app9089,无class,2025-03-11 22:28:47
LOLbeans io,https://www.onlinegames.io/lolbeans-io/,https://lolbeans.io/,gameFrame,无class,2025-03-11 22:29:24
New,https://www.onlinegames.io/new-games/,https://disqus.com/recommendations/?base=default&f=onlinegames-io&t_u=https%3A%2F%2Fwww.onlinegames.io%2Fnew-games%2F&t_d=New%20Games%20-%20Play%20for%20Free%20at%20OnlineGames.io&t_t=New%20Games%20-%20Play%20for%20Free%20at%20OnlineGames.io#version=2d901a9f622f6f7bc477a009d0d6247e,dsq-app5909,无class,2025-03-11 22:29:31
Privacy Policy,https://www.onlinegames.io/privacy-policy/,https://disqus.com/recommendations/?base=default&f=onlinegames-io&t_u=https%3A%2F%2Fwww.onlinegames.io%2Fprivacy-policy%2F&t_d=Privacy%20Policy%20-%20Online%20Games.io&t_t=Privacy%20Policy%20-%20Online%20Games.io#version=2d901a9f622f6f7bc477a009d0d6247e,dsq-app1503,无class,2025-03-11 22:29:36
Random,https://www.onlinegames.io/random/,https://html5.gamedistribution.com/1199db4aa6ac47b98b2cd329bba21694/?gd_sdk_referrer_url=https://www.onlinegames.io/stateio,gameFrame,无class,2025-03-11 22:29:45
Random Game,https://www.onlinegames.io/random/,https://www.onlinegames.io/games/2023/mjs/drift-boss/index.html,gameFrame,无class,2025-03-11 22:29:57
Recently Played,https://www.onlinegames.io/recently-played-games/,https://disqus.com/recommendations/?base=default&f=onlinegames-io&t_u=https%3A%2F%2Fwww.onlinegames.io%2Frecently-played-games%2F&t_d=Recently%20Played%20Games%20-%20Online%20Games.io&t_t=Recently%20Played%20Games%20-%20Online%20Games.io#version=2d901a9f622f6f7bc477a009d0d6247e,dsq-app1466,无class,2025-03-11 22:30:02
Recently Played Games,https://www.onlinegames.io/recently-played-games/,https://disqus.com/recommendations/?base=default&f=onlinegames-io&t_u=https%3A%2F%2Fwww.onlinegames.io%2Frecently-played-games%2F&t_d=Recently%20Played%20Games%20-%20Online%20Games.io&t_t=Recently%20Played%20Games%20-%20Online%20Games.io#version=2d901a9f622f6f7bc477a009d0d6247e,dsq-app6080,无class,2025-03-11 22:30:07
Tags,https://www.onlinegames.io/all-tags/,https://disqus.com/recommendations/?base=default&f=onlinegames-io&t_u=https%3A%2F%2Fwww.onlinegames.io%2Fall-tags%2F&t_d=All%20Tags%20-%20Online%20Games.io&t_t=All%20Tags%20-%20Online%20Games.io#version=2d901a9f622f6f7bc477a009d0d6247e,dsq-app9120,无class,2025-03-11 22:30:20
ask Gamie any questions,https://www.onlinegames.io/meet-gamie/,https://disqus.com/recommendations/?base=default&f=onlinegames-io&t_u=https%3A%2F%2Fwww.onlinegames.io%2Fmeet-gamie%2F&t_d=Meet%20Gamie%20-%20OnlineGames.io&t_t=Meet%20Gamie%20-%20OnlineGames.io#version=2d901a9f622f6f7bc477a009d0d6247e,dsq-app3930,无class,2025-03-11 22:30:25
contact us,https://www.onlinegames.io/contact/,https://disqus.com/recommendations/?base=default&f=onlinegames-io&t_u=https%3A%2F%2Fwww.onlinegames.io%2Fcontact%2F&t_d=Contact%20Us%20-%20OnlineGames.io&t_t=Contact%20Us%20-%20OnlineGames.io#version=2d901a9f622f6f7bc477a009d0d6247e,dsq-app4707,无class,2025-03-11 22:30:31
All Tags,https://www.onlinegames.io/all-tags/,https://disqus.com/recommendations/?base=default&f=onlinegames-io&t_u=https%3A%2F%2Fwww.onlinegames.io%2Fall-tags%2F&t_d=All%20Tags%20-%20Online%20Games.io&t_t=All%20Tags%20-%20Online%20Games.io#version=2d901a9f622f6f7bc477a009d0d6247e,dsq-app9870,无class,2025-03-11 22:36:02
BitLife,https://www.onlinegames.io/bitlife/,https://html5.gamedistribution.com/ac6a950a44d144139dabe7837aa4aab9/?gd_sdk_referrer_url=https://www.onlinegames.io/bitlife,gameFrame,无class,2025-03-11 22:36:10
Crazy Strike Force,https://www.onlinegames.io/crazy-strike-force/,https://www.onlinegames.io/games/2023/unity/crazy-strike-force/index.html,gameFrame,无class,2025-03-11 22:36:16
Drift Boss,https://www.onlinegames.io/drift-boss/,https://www.onlinegames.io/games/2023/mjs/drift-boss/index.html,gameFrame,无class,2025-03-11 22:37:08
Drift Hunters Pro,https://www.onlinegames.io/drift-hunters-pro/,https://www.onlinegames.io/games/2023/unity/drift-hunters-pro/index.html,gameFrame,无class,2025-03-11 22:37:13
Game Developers,https://www.onlinegames.io/game-developers/,https://docs.google.com/forms/d/e/1FAIpQLSdVCT_UEihM0GEFC_L8LWEm7ZvCWKG7NYEkGcsREdHG7V6qMw/viewform?embedded=true,iframe_0,无class,2025-03-11 22:37:20
Having Trouble?,https://www.onlinegames.io/support/,https://disqus.com/recommendations/?base=default&f=onlinegames-io&t_u=https%3A%2F%2Fwww.onlinegames.io%2Fsupport%2F&t_d=Support%20-%20OnlineGames.io&t_t=Support%20-%20OnlineGames.io#version=2d901a9f622f6f7bc477a009d0d6247e,dsq-app1640,无class,2025-03-11 22:37:26
Highway Traffic,https://www.onlinegames.io/highway-traffic/,https://www.onlinegames.io/games/2022/unity/highway-traffic/index.html,gameFrame,无class,2025-03-11 22:37:32
LOLbeans io,https://www.onlinegames.io/lolbeans-io/,https://lolbeans.io/,gameFrame,无class,2025-03-11 22:37:38
Recently Played Games,https://www.onlinegames.io/recently-played-games/,https://disqus.com/recommendations/?base=default&f=onlinegames-io&t_u=https%3A%2F%2Fwww.onlinegames.io%2Frecently-played-games%2F&t_d=Recently%20Played%20Games%20-%20Online%20Games.io&t_t=Recently%20Played%20Games%20-%20Online%20Games.io#version=2d901a9f622f6f7bc477a009d0d6247e,dsq-app986,无class,2025-03-11 22:37:48
Tags,https://www.onlinegames.io/all-tags/,https://disqus.com/recommendations/?base=default&f=onlinegames-io&t_u=https%3A%2F%2Fwww.onlinegames.io%2Fall-tags%2F&t_d=All%20Tags%20-%20Online%20Games.io&t_t=All%20Tags%20-%20Online%20Games.io#version=2d901a9f622f6f7bc477a009d0d6247e,dsq-app5615,无class,2025-03-11 22:37:53
ask Gamie any questions,https://www.onlinegames.io/meet-gamie/,https://disqus.com/recommendations/?base=default&f=onlinegames-io&t_u=https%3A%2F%2Fwww.onlinegames.io%2Fmeet-gamie%2F&t_d=Meet%20Gamie%20-%20OnlineGames.io&t_t=Meet%20Gamie%20-%20OnlineGames.io#version=2d901a9f622f6f7bc477a009d0d6247e,dsq-app7001,无class,2025-03-11 22:37:59
